iter,ticks_until_defeat,mage_dmg_percent,range_dmg_percent,proc_percent
3,164,47.75928297055058,52.24071702944942,34.4
10,156,45.627376425855516,54.372623574144484,34.55238095238095
7,148,51.60508782556027,48.39491217443974,31.771428571428572
5,156,47.68170426065163,52.31829573934837,33.86666666666667
2,172,51.92069392812887,48.07930607187112,32.41904761904762
11,164,49.970041941282204,50.029958058717796,30.323809523809526
1,136,53.05367057371993,46.94632942628007,33.67619047619048
9,180,50.73295092415552,49.26704907584449,34.13333333333333
6,140,54.79368932038835,45.20631067961165,32.647619047619045
4,132,51.417769376181475,48.582230623818525,34.97142857142857
16,132,48.742138364779876,51.257861635220124,34.85714285714286
8,140,48.42041312272175,51.57958687727825,32.72380952380952
13,140,49.439601494396015,50.560398505603985,34.24761904761905
18,132,51.821608040201006,48.178391959798994,34.78095238095238
15,148,47.13740458015267,52.862595419847324,34.78095238095238
12,180,52.60896255371394,47.39103744628606,31.847619047619048
14,184,54.294670846394986,45.70532915360502,32.38095238095238
23,136,43.45127250155183,56.54872749844817,34.05714285714286
19,156,52.17391304347826,47.82608695652174,30.704761904761906
20,152,46.88667496886675,53.11332503113325,33.48571428571429
21,180,38.42364532019704,61.57635467980296,32.03809523809524
24,140,54.409005628517825,45.590994371482175,34.51428571428571
17,156,47.679593134138585,52.320406865861415,34.74285714285714
25,188,52.05920205920206,47.94079794079794,33.94285714285714
29,132,52.998776009791925,47.00122399020808,33.180952380952384
22,148,55.35491905354919,44.64508094645081,33.48571428571429
34,136,42.785129174543165,57.214870825456835,34.97142857142857
31,140,50.71090047393365,49.28909952606635,31.123809523809527
30,164,42.30031948881789,57.69968051118211,34.285714285714285
36,148,54.357366771159874,45.642633228840126,33.904761904761905
27,140,50.913673597983625,49.08632640201638,34.97142857142857
37,164,43.039591315453386,56.960408684546614,34.24761904761905
28,136,47.885572139303484,52.11442786069652,34.17142857142857
35,164,45.71078431372549,54.2892156862745,31.733333333333334
26,152,57.86240786240786,42.13759213759214,32.647619047619045
38,156,43.78585086042065,56.21414913957935,34.8952380952381
33,152,46.797717184527585,53.202282815472415,34.59047619047619
41,164,52.407407407407405,47.592592592592595,32.19047619047619
32,164,46.73645320197045,53.26354679802956,32.03809523809524
44,144,48.67088607594937,51.32911392405063,34.476190476190474
43,156,39.85239852398524,60.147601476014756,32.72380952380952
48,136,47.486033519553075,52.513966480446925,34.05714285714286
47,140,45.893719806763286,54.106280193236714,32.34285714285715
40,148,39.97501561524047,60.02498438475953,33.67619047619048
39,164,57.48081841432226,42.51918158567775,34.32380952380952
50,132,45.952677459526775,54.04732254047323,34.24761904761905
45,164,45.16954574536148,54.83045425463852,34.36190476190476
42,132,55.61762880198634,44.38237119801365,34.05714285714286
52,152,47.78263585259213,52.21736414740788,33.67619047619048
49,124,48.275862068965516,51.724137931034484,34.66666666666667
51,152,50.06321112515803,49.93678887484197,34.4
46,140,50.563204005006256,49.436795994993744,34.55238095238095
59,152,43.526510480887794,56.473489519112206,32.87619047619047
54,140,50.2835538752363,49.7164461247637,34.97142857142857
57,164,46.75,53.25,32.95238095238095
61,148,53.65239294710328,46.34760705289673,34.17142857142857
60,156,55.904522613065325,44.095477386934675,34.01904761904762
58,136,52.318668252080855,47.681331747919145,31.352380952380955
63,152,52.32336091661362,47.67663908338638,34.81904761904762
62,152,49.23566878980892,50.76433121019108,34.85714285714286
65,136,57.540173053152046,42.45982694684796,33.79047619047619
55,152,53.74149659863946,46.25850340136054,33.06666666666666
53,140,44.68479604449938,55.315203955500614,33.79047619047619
56,164,49.72677595628415,50.27322404371585,31.16190476190476
69,132,53.087960074859645,46.91203992514036,34.36190476190476
64,124,51.211932877563704,48.788067122436296,34.13333333333333
66,152,45.44303797468354,54.55696202531646,34.476190476190474
73,132,54.72038484666266,45.279615153337346,32.076190476190476
72,140,42.22086638194021,57.779133618059795,32.990476190476194
75,136,52.00250312891114,47.99749687108886,34.55238095238095
71,152,50.50568900126422,49.49431099873578,34.4
70,164,48.937540244687696,51.0624597553123,34.74285714285714
67,132,42.07021791767554,57.92978208232446,32.49523809523809
77,164,47.76500638569604,52.23499361430396,34.24761904761905
68,136,57.76241357636707,42.23758642363293,34.81904761904762
76,164,60.778258184064235,39.221741815935765,32.22857142857143
74,152,48.47731510254817,51.52268489745183,33.371428571428574
81,148,56.029684601113175,43.970315398886825,33.06666666666666
79,156,52.53485424588086,47.465145754119135,34.55238095238095
80,136,45.81497797356828,54.18502202643172,34.8952380952381
78,148,52.96610169491526,47.03389830508475,31.733333333333334
83,168,47.3208910295003,52.6791089704997,30.628571428571426
88,132,50.75187969924813,49.24812030075188,34.62857142857143
86,168,54.36117936117936,45.63882063882064,31.885714285714283
82,136,51.37783221065524,48.622167789344765,33.21904761904762
85,148,45.99236641221374,54.007633587786266,34.78095238095238
84,144,49.24050632911393,50.75949367088608,34.476190476190474
92,164,50.0,50.0,33.180952380952384
91,156,44.54946439823566,55.45053560176434,34.20952380952381
93,164,46.46654158849281,53.5334584115072,32.990476190476194
89,140,49.36708860759494,50.63291139240506,32.22857142857143
95,156,51.486401012017716,48.513598987982284,34.43809523809524
99,164,39.51250801796023,60.487491982039764,34.51428571428571
90,156,43.44827586206896,56.55172413793104,33.904761904761905
100,148,51.5625,48.4375,33.714285714285715
101,148,41.51303242212333,58.48696757787667,34.74285714285714
94,168,50.22595222724339,49.77404777275662,34.8952380952381
87,184,51.22699386503068,48.77300613496933,31.047619047619047
102,148,47.81783681214421,52.18216318785579,34.43809523809524
97,144,50.03162555344719,49.968374446552815,34.43809523809524
105,140,54.95662949194548,45.04337050805452,33.94285714285714
96,148,52.313386798272674,47.686613201727326,32.91428571428571
108,152,52.9228855721393,47.07711442786069,33.40952380952381
104,156,53.25153374233129,46.74846625766872,32.57142857142858
106,164,46.7324290998767,53.2675709001233,32.114285714285714
98,152,50.349650349650354,49.65034965034965,34.74285714285714
109,144,40.61107574793125,59.38892425206874,34.81904761904762
112,148,41.04996837444656,58.95003162555344,34.43809523809524
107,140,55.05824647455548,44.94175352544451,33.2952380952381
103,164,55.46325878594249,44.53674121405751,34.285714285714285
111,156,52.78996865203762,47.210031347962385,33.904761904761905
114,148,41.54040404040404,58.45959595959596,34.32380952380952
110,156,42.82147315855181,57.17852684144818,33.63809523809524
115,148,55.891619407687465,44.10838059231254,34.20952380952381
116,180,47.23067559342666,52.76932440657334,31.314285714285717
113,140,53.52286773794809,46.47713226205192,33.79047619047619
123,156,45.31442663378545,54.68557336621455,32.87619047619047
119,164,54.39384220654265,45.60615779345735,34.51428571428571
125,132,51.19496855345912,48.80503144654088,34.85714285714286
118,156,50.60317460317461,49.39682539682539,34.66666666666667
120,164,52.46105919003116,47.53894080996885,32.761904761904766
117,144,52.02275600505689,47.97724399494311,34.4
121,148,45.10166358595194,54.89833641404805,32.838095238095235
126,164,52.885225110970204,47.1147748890298,33.82857142857143
122,156,45.82023884349466,54.17976115650534,34.05714285714286
124,152,51.208927464352136,48.791072535647864,33.21904761904762
130,156,58.7747287811104,41.225271218889596,34.97142857142857
129,156,45.86228679722047,54.13771320277954,34.36190476190476
133,156,50.9386733416771,49.0613266583229,33.79047619047619
136,144,55.81542351453855,44.18457648546144,34.4
128,148,52.24892174984597,47.75107825015403,32.838095238095235
127,172,52.16836734693877,47.83163265306122,34.17142857142857
131,172,53.97310513447433,46.026894865525676,31.580952380952382
139,168,49.65034965034965,50.349650349650354,33.98095238095238
138,124,53.489736070381234,46.510263929618766,30.476190476190478
132,132,55.121042830540034,44.878957169459966,34.05714285714286
140,156,47.52970606629143,52.47029393370857,33.75238095238095
134,156,50.3951367781155,49.6048632218845,32.0
143,148,48.07930607187112,51.92069392812887,33.180952380952384
135,152,48.81398252184769,51.186017478152316,33.63809523809524
137,152,43.542435424354245,56.457564575645755,32.72380952380952
148,148,50.48959608323133,49.51040391676867,32.41904761904762
146,156,44.03669724770643,55.96330275229357,32.38095238095238
141,140,52.19271155033972,47.807288449660284,33.75238095238095
144,152,49.713922441195166,50.286077558804834,34.74285714285714
151,124,51.259987707437006,48.740012292563,33.44761904761905
150,136,49.874213836477985,50.125786163522015,34.85714285714286
145,164,53.10126582278482,46.89873417721519,33.714285714285715
149,180,55.94577942082564,44.05422057917437,32.076190476190476
142,172,42.27129337539432,57.72870662460568,33.523809523809526
153,148,46.926354230066956,53.07364576993305,32.076190476190476
147,152,54.464851171627615,45.535148828372385,34.51428571428571
155,168,47.91403286978508,52.08596713021492,33.63809523809524
154,152,53.8083538083538,46.19164619164619,32.647619047619045
157,152,50.34700315457413,49.65299684542587,34.285714285714285
152,180,38.4180790960452,61.5819209039548,33.21904761904762
161,140,51.057213930348254,48.94278606965174,34.17142857142857
160,136,59.66183574879227,40.33816425120773,32.34285714285715
158,148,53.35035098915124,46.649649010848755,34.97142857142857
167,140,58.92634207240949,41.07365792759051,34.4
162,184,48.641975308641975,51.358024691358025,31.428571428571427
164,188,45.075016307893016,54.92498369210698,34.74285714285714
166,156,54.03128760529483,45.96871239470517,31.352380952380955
159,148,53.15890236119974,46.84109763880026,34.97142857142857
156,148,47.94604537093807,52.05395462906193,32.53333333333333
169,156,52.087227414330215,47.912772585669785,33.523809523809526
171,136,54.770755885997524,45.229244114002476,33.94285714285714
163,140,49.36555891238671,50.63444108761329,32.38095238095238
168,136,52.25447807288449,47.745521927115504,33.75238095238095
173,168,48.62155388471178,51.37844611528822,33.1047619047619
172,152,48.543087414755114,51.456912585244886,33.21904761904762
175,152,47.07711442786069,52.9228855721393,33.40952380952381
165,136,51.127819548872175,48.87218045112782,34.62857142857143
178,136,50.88576664630422,49.11423335369579,33.06666666666666
179,148,51.10132158590308,48.89867841409692,34.13333333333333
176,140,50.77017868145409,49.2298213185459,33.6
170,156,46.25935162094763,53.74064837905237,33.561904761904756
174,148,46.33991088478676,53.66008911521324,34.81904761904762
182,152,46.197360150848525,53.802639849151475,34.05714285714286
186,152,55.80276608538786,44.19723391461214,31.314285714285717
177,152,52.19047619047619,47.80952380952381,34.66666666666667
184,136,52.48584015103839,47.51415984896161,34.8952380952381
181,144,49.27076727964489,50.7292327203551,34.59047619047619
190,136,42.758186397984886,57.241813602015114,34.93333333333333
183,180,45.46023794614903,54.53976205385097,33.06666666666666
188,140,40.75448361162647,59.24551638837353,33.82857142857143
180,152,43.53312302839117,56.46687697160884,34.285714285714285
185,136,46.11145131659523,53.88854868340478,33.21904761904762
192,140,51.03578154425612,48.96421845574388,34.74285714285714
187,136,52.5830258302583,47.4169741697417,33.48571428571429
189,156,49.30291508238277,50.69708491761724,34.55238095238095
191,144,51.048951048951054,48.95104895104895,34.74285714285714
193,184,49.59042218021424,50.40957781978575,32.68571428571428
196,136,46.60252555622369,53.397474443776304,32.076190476190476
195,124,49.333333333333336,50.66666666666667,32.57142857142858
201,144,46.31043256997455,53.68956743002544,34.78095238095238
199,152,47.368421052631575,52.63157894736842,31.695238095238093
197,132,50.46153846153846,49.53846153846154,33.523809523809526
206,148,49.65343415248897,50.34656584751103,34.20952380952381
205,148,53.9147040101846,46.08529598981541,34.81904761904762
207,164,49.159925326695706,50.840074673304294,32.68571428571428
202,152,56.47208121827412,43.52791878172589,34.62857142857143
194,180,46.65438919582566,53.345610804174335,31.847619047619048
198,164,51.54440154440154,48.455598455598455,34.7047619047619
203,140,39.09365558912386,60.90634441087614,32.38095238095238
200,164,56.44955300127714,43.55044699872286,34.24761904761905
211,164,46.89873417721519,53.10126582278482,33.714285714285715
204,136,41.620962827544176,58.37903717245582,32.91428571428571
212,124,49.44375772558715,50.55624227441285,33.79047619047619
208,168,42.10186976144423,57.898130238555765,34.81904761904762
210,132,47.520401757689896,52.47959824231011,34.74285714285714
214,156,47.83989834815756,52.16010165184244,34.7047619047619
209,196,44.37538844002486,55.624611559975136,31.847619047619048
213,156,47.13740458015267,52.862595419847324,34.78095238095238
218,152,49.84345648090169,50.15654351909831,33.82857142857143
217,152,54.826958105646625,45.173041894353375,31.923809523809528
220,148,53.869407496977026,46.130592503022974,31.657142857142855
215,156,45.09183027232426,54.90816972767575,34.51428571428571
226,156,47.95357361026267,52.04642638973732,32.304761904761904
216,152,51.32798023471279,48.67201976528722,32.990476190476194
227,140,47.1023427866831,52.8976572133169,33.63809523809524
223,168,49.111675126903556,50.888324873096444,33.86666666666667
228,156,50.307503075030745,49.69249692496925,32.72380952380952
219,144,50.22335673261008,49.77664326738992,34.97142857142857
222,148,53.603034134007586,46.396965865992414,34.4
225,152,47.66009852216749,52.33990147783252,32.800000000000004
221,156,51.511487303506655,48.48851269649335,31.657142857142855
231,136,44.6078431372549,55.392156862745104,33.25714285714286
224,144,47.37839545167404,52.62160454832596,34.36190476190476
235,124,42.740926157697125,57.259073842302875,34.55238095238095
233,152,44.24019607843137,55.75980392156863,32.49523809523809
232,164,50.0,50.0,33.33333333333333
236,140,49.280800500312694,50.719199499687306,34.51428571428571
230,140,48.020113136392204,51.979886863607796,34.81904761904762
239,140,49.65732087227414,50.34267912772585,34.285714285714285
229,172,46.692357096981375,53.307642903018625,34.59047619047619
237,132,46.31710362047441,53.68289637952559,34.4
234,136,47.414330218068535,52.585669781931465,34.285714285714285
246,124,42.32673267326732,57.67326732673267,33.86666666666667
244,148,52.44444444444445,47.55555555555556,34.66666666666667
238,152,51.030605871330415,48.96939412866958,33.67619047619048
243,148,55.513065646908856,44.48693435309114,34.8952380952381
245,164,40.63625450180072,59.363745498199286,30.438095238095237
249,152,51.73053152039555,48.26946847960445,33.02857142857143
242,116,57.564798071127186,42.435201928872814,32.990476190476194
240,140,48.92572130141191,51.074278698588095,33.371428571428574
247,180,49.59042218021424,50.40957781978575,33.44761904761905
241,164,44.43053817271589,55.56946182728411,33.02857142857143
248,164,47.64971023824855,52.35028976175145,34.74285714285714
254,148,47.5796178343949,52.4203821656051,34.85714285714286
256,152,50.88945362134689,49.11054637865311,34.7047619047619
255,152,59.65559655596556,40.34440344403444,32.72380952380952
251,140,50.55079559363526,49.44920440636475,33.180952380952384
257,140,44.18170504044804,55.81829495955196,34.20952380952381
250,164,46.73645320197045,53.26354679802956,32.03809523809524
260,148,46.52307692307692,53.47692307692308,32.761904761904766
258,172,46.66250779787898,53.33749220212103,32.838095238095235
252,152,42.08518753973299,57.91481246026701,34.74285714285714
253,148,55.07338864071474,44.92661135928525,34.97142857142857
263,156,47.61006289308176,52.38993710691824,34.095238095238095
261,140,52.707581227436826,47.292418772563174,32.114285714285714
267,148,49.00373599003736,50.996264009962644,33.48571428571429
266,140,55.82403965303594,44.17596034696407,33.94285714285714
259,164,49.01836605446485,50.98163394553515,33.75238095238095
273,124,51.52268489745183,48.47731510254817,34.13333333333333
262,164,47.44525547445255,52.55474452554745,31.276190476190475
270,136,51.21798875702686,48.78201124297314,34.43809523809524
272,148,48.10676598386095,51.89323401613905,33.2952380952381
264,156,42.189421894218945,57.81057810578106,32.72380952380952
274,132,49.1588785046729,50.8411214953271,34.285714285714285
268,172,55.1594746716698,44.8405253283302,32.990476190476194
277,136,46.211646837820915,53.78835316217908,34.59047619047619
265,164,48.30670926517572,51.69329073482428,34.285714285714285
278,136,50.03107520198882,49.96892479801119,34.13333333333333
276,140,49.604382227632385,50.395617772367615,32.838095238095235
269,156,56.38432364096081,43.61567635903919,34.4
281,140,50.401978973407545,49.598021026592455,33.82857142857143
284,136,56.5588773642465,43.44112263575351,32.990476190476194
282,156,51.49847094801223,48.50152905198777,32.38095238095238
271,152,45.018450184501845,54.981549815498155,32.72380952380952
286,148,47.50158127767236,52.49841872232764,34.43809523809524
287,152,48.3502538071066,51.649746192893396,34.62857142857143
283,140,42.9471032745592,57.0528967254408,34.93333333333333
288,148,58.935128518971844,41.064871481028156,32.41904761904762
275,188,51.446945337620576,48.55305466237942,33.904761904761905
279,152,51.740989615149665,48.259010384850335,32.304761904761904
280,152,53.1385954008701,46.8614045991299,33.371428571428574
294,132,45.46599496221663,54.53400503778337,34.93333333333333
291,156,56.186868686868685,43.813131313131315,34.32380952380952
285,156,42.59609325771896,57.40390674228103,34.20952380952381
295,164,53.77942998760843,46.220570012391576,32.41904761904762
290,172,46.58735128365686,53.41264871634315,33.06666666666666
289,156,50.373134328358205,49.62686567164179,33.40952380952381
293,156,48.542458808618505,51.457541191381495,34.55238095238095
292,136,48.734939759036145,51.265060240963855,32.19047619047619
298,152,52.14460784313726,47.85539215686275,32.49523809523809
300,132,48.370927318295735,51.62907268170426,34.62857142857143
296,148,55.52128315854411,44.47871684145589,32.91428571428571
297,164,50.76530612244898,49.234693877551024,34.17142857142857
305,148,52.911392405063296,47.08860759493671,34.476190476190474
299,164,56.406954282034775,43.593045717965225,34.74285714285714
307,164,47.152911068458096,52.847088931541904,34.36190476190476
308,168,49.96849401386264,50.03150598613737,33.44761904761905
301,148,53.333333333333336,46.666666666666664,34.66666666666667
311,144,53.03030303030303,46.96969696969697,34.32380952380952
302,152,49.30203045685279,50.6979695431472,34.62857142857143
312,152,48.558897243107765,51.441102756892235,33.86666666666667
310,148,47.043865225683405,52.95613477431659,34.74285714285714
313,156,54.894671623296155,45.10532837670384,33.180952380952384
303,164,40.0,60.0,34.476190476190474
304,164,45.67430025445292,54.32569974554708,34.01904761904762
309,144,37.6820772640912,62.3179227359088,34.51428571428571
317,132,50.97323600973236,49.02676399026764,32.800000000000004
316,148,50.52959501557632,49.47040498442368,33.523809523809526
315,148,51.87265917602997,48.12734082397004,33.63809523809524
306,164,51.486401012017716,48.513598987982284,33.67619047619048
318,168,51.84952978056426,48.15047021943574,33.14285714285714
319,156,53.13432835820896,46.865671641791046,30.857142857142854
321,140,57.28334357713584,42.71665642286417,33.44761904761905
324,132,53.11932162325863,46.88067837674137,32.53333333333333
323,152,51.02803738317757,48.97196261682243,33.523809523809526
327,148,44.095940959409596,55.904059040590404,32.72380952380952
314,140,49.87515605493134,50.12484394506866,34.4
329,148,54.27323767935122,45.72676232064878,33.6
333,148,53.58910891089109,46.410891089108915,33.1047619047619
320,148,55.34398034398035,44.65601965601966,32.647619047619045
322,156,57.49370277078085,42.50629722921914,34.17142857142857
331,116,47.254780999383094,52.745219000616906,34.43809523809524
330,152,49.96934396076027,50.03065603923973,32.53333333333333
326,156,54.72636815920397,45.27363184079602,33.40952380952381
334,136,47.65142150803461,52.34857849196539,33.79047619047619
325,172,53.14070351758794,46.85929648241206,33.25714285714286
332,152,48.36520666255398,51.63479333744602,32.91428571428571
328,152,45.61068702290076,54.38931297709924,34.78095238095238
337,156,51.90031152647975,48.099688473520246,33.523809523809526
335,152,47.45547073791349,52.54452926208651,34.78095238095238
336,140,50.183374083129586,49.816625916870414,33.1047619047619
338,164,44.146341463414636,55.85365853658537,31.428571428571427
342,156,49.691358024691354,50.308641975308646,32.95238095238095
340,184,51.553582752060876,48.44641724793913,33.06666666666666
345,148,43.462246777163905,56.537753222836095,32.60952380952381
344,148,50.9386733416771,49.0613266583229,33.79047619047619
341,152,53.90818858560794,46.09181141439206,33.25714285714286
339,140,45.3259532595326,54.67404674046741,33.48571428571429
349,156,55.05050505050505,44.94949494949495,34.32380952380952
347,180,49.00373599003736,50.996264009962644,32.72380952380952
351,140,47.29309271935283,52.706907280647165,34.20952380952381
343,164,45.56400506970849,54.43599493029151,33.79047619047619
346,164,47.36507936507937,52.63492063492063,33.904761904761905
355,140,55.513547574039066,44.486452425960934,34.97142857142857
352,164,47.18532574320051,52.8146742567995,33.67619047619048
350,136,55.45229244114003,44.54770755885997,33.94285714285714
348,144,47.15549936788875,52.84450063211125,34.4
354,124,55.85042219541616,44.149577804583835,32.266666666666666
353,140,38.03604723430703,61.96395276569297,34.13333333333333
357,156,52.641629535327816,47.358370464672184,34.81904761904762
356,140,52.13358070500927,47.86641929499073,33.82857142857143
360,136,52.467207995003115,47.53279200499688,34.43809523809524
358,152,56.62576687116564,43.374233128834355,32.57142857142858
364,140,55.86206896551724,44.13793103448276,34.66666666666667
361,172,41.72523961661342,58.27476038338658,34.285714285714285
359,140,44.33676559660812,55.66323440339188,32.53333333333333
365,148,45.02518891687657,54.97481108312342,34.17142857142857
366,148,47.09480122324159,52.90519877675841,32.38095238095238
362,152,44.02035623409669,55.97964376590331,34.78095238095238
363,132,52.908067542213885,47.091932457786115,34.51428571428571
372,132,48.93357708714199,51.06642291285801,32.91428571428571
367,172,51.3312693498452,48.6687306501548,32.38095238095238
371,120,55.72755417956656,44.27244582043344,34.66666666666667
375,172,48.619139370584456,51.38086062941555,34.59047619047619
369,148,58.69297163995068,41.30702836004932,32.87619047619047
373,164,42.07825529185375,57.92174470814625,34.51428571428571
368,156,59.808917197452224,40.191082802547776,34.85714285714286
374,184,49.416103257529194,50.5838967424708,31.16190476190476
376,164,52.33824471492633,47.66175528507367,34.43809523809524
370,180,51.19346733668342,48.80653266331658,33.25714285714286
378,148,52.38693467336684,47.61306532663316,34.01904761904762
381,164,48.48874598070739,51.51125401929261,34.66666666666667
377,156,57.69944341372912,42.30055658627087,33.06666666666666
383,148,61.4702154626109,38.5297845373891,34.55238095238095
379,164,39.431396786155744,60.568603213844256,32.266666666666666
384,156,54.47761194029851,45.52238805970149,33.40952380952381
380,140,54.15140415140415,45.84859584859585,33.02857142857143
382,152,42.938209331651954,57.061790668348046,34.24761904761905
387,152,42.55725190839695,57.44274809160306,34.78095238095238
389,148,47.91154791154791,52.08845208845209,32.647619047619045
386,136,49.725106902871104,50.274893097128896,33.06666666666666
390,164,42.06397103198552,57.93602896801448,30.78095238095238
385,140,49.384993849938496,50.615006150061504,33.48571428571429
394,132,43.4375,56.56250000000001,34.476190476190474
388,136,52.48271527341295,47.51728472658705,34.81904761904762
393,140,48.11664641555286,51.88335358444714,32.72380952380952
396,156,50.97799511002445,49.02200488997555,32.34285714285715
398,156,61.0969387755102,38.9030612244898,34.93333333333333
391,164,52.141982864137084,47.858017135862916,31.657142857142855
392,164,40.522063393412054,59.477936606587946,32.60952380952381
401,164,48.48866498740554,51.51133501259446,33.40952380952381
400,168,64.36708860759494,35.63291139240506,33.714285714285715
403,140,42.426147077309864,57.57385292269013,34.81904761904762
404,156,39.130434782608695,60.86956521739131,33.33333333333333
397,148,47.70295783511643,52.29704216488358,34.13333333333333
399,140,54.71930906847625,45.28069093152375,33.67619047619048
405,172,47.570977917981075,52.429022082018925,33.523809523809526
402,144,47.33502538071066,52.66497461928934,34.62857142857143
395,164,52.65515035188739,47.3448496481126,34.36190476190476
410,152,47.88643533123028,52.11356466876972,34.285714285714285
409,152,57.197209892200384,42.80279010779962,34.59047619047619
406,152,53.83165829145729,46.16834170854271,34.01904761904762
415,140,47.158026233604,52.841973766396,34.43809523809524
413,152,48.37920489296636,51.620795107033636,32.38095238095238
407,168,57.3374613003096,42.6625386996904,32.38095238095238
411,136,55.639571518588525,44.36042848141147,34.97142857142857
408,148,49.34903905765654,50.65096094234346,33.21904761904762
414,140,53.724053724053725,46.275946275946275,33.02857142857143
416,164,47.912772585669785,52.087227414330215,32.761904761904766
418,156,58.893777498428655,41.10622250157134,34.05714285714286
421,140,50.5775075987842,49.422492401215806,32.761904761904766
420,148,46.5736040609137,53.42639593908629,34.62857142857143
422,132,46.766169154228855,53.233830845771145,34.17142857142857
417,140,52.82308657465495,47.17691342534505,34.7047619047619
412,172,51.32689987937273,48.67310012062726,30.742857142857144
419,168,49.53617810760667,50.46382189239333,32.304761904761904
430,136,50.030731407498465,49.969268592501535,33.44761904761905
424,148,46.2406015037594,53.75939849624061,33.86666666666667
428,148,50.50890585241731,49.4910941475827,34.78095238095238
432,140,45.052243392747386,54.94775660725261,33.44761904761905
425,156,45.0347881087919,54.9652118912081,34.43809523809524
431,156,42.168674698795186,57.831325301204814,34.59047619047619
426,140,48.529411764705884,51.470588235294116,33.25714285714286
433,156,50.43103448275862,49.56896551724138,32.800000000000004
423,156,49.50310559006211,50.49689440993789,33.33333333333333
434,164,39.62145110410095,60.37854889589905,33.523809523809526
427,140,49.72644376899696,50.273556231003035,32.761904761904766
435,152,52.798053527980535,47.201946472019465,32.03809523809524
436,144,54.608585858585855,45.391414141414145,34.32380952380952
429,148,54.21686746987952,45.78313253012048,31.428571428571427
440,172,46.15384615384615,53.84615384615385,33.98095238095238
439,152,52.506112469437646,47.49388753056235,32.34285714285715
441,164,50.600126342387874,49.39987365761213,33.6
442,152,41.91130543410368,58.08869456589632,33.67619047619048
437,148,51.51890886546807,48.48109113453193,33.21904761904762
447,148,52.944823310601365,47.055176689398635,33.21904761904762
438,156,51.530293566520925,48.469706433479075,33.67619047619048
448,152,42.758620689655174,57.24137931034483,33.904761904761905
445,172,46.5528146742568,53.4471853257432,33.67619047619048
446,156,49.96821360457724,50.03178639542276,34.74285714285714
444,168,57.9552715654952,42.04472843450479,34.285714285714285
449,136,47.93939393939394,52.06060606060606,32.57142857142858
455,152,49.0931832395247,50.906816760475294,33.75238095238095
443,152,53.93401015228426,46.06598984771574,34.62857142857143
454,152,43.18463444857497,56.81536555142503,33.180952380952384
450,148,46.553884711779446,53.446115288220554,33.86666666666667
456,148,53.95638629283489,46.04361370716511,33.523809523809526
452,164,50.71740486587648,49.28259513412352,32.838095238095235
451,152,50.06353240152478,49.93646759847522,34.7047619047619
453,148,55.541718555417184,44.458281444582816,33.48571428571429
457,152,47.51243781094527,52.48756218905473,33.40952380952381
460,144,51.77215189873417,48.22784810126583,34.476190476190474
463,148,55.0430504305043,44.9569495694957,32.72380952380952
462,156,49.589387239418826,50.410612760581174,34.36190476190476
458,148,57.28155339805825,42.71844660194174,31.885714285714283
465,140,49.37027707808564,50.62972292191436,34.93333333333333
468,124,48.728813559322035,51.271186440677965,32.49523809523809
469,152,45.354523227383865,54.64547677261614,32.34285714285715
467,164,52.76381909547738,47.23618090452261,33.25714285714286
461,152,49.01836605446485,50.98163394553515,34.51428571428571
470,144,55.316455696202524,44.68354430379747,34.476190476190474
473,140,45.2912019826518,54.7087980173482,33.94285714285714
459,156,43.407960199004975,56.59203980099502,33.40952380952381
464,140,45.60099132589839,54.39900867410161,33.94285714285714
466,152,49.76190476190476,50.23809523809524,30.666666666666664
475,124,46.9969040247678,53.00309597523219,33.904761904761905
479,144,37.71320277953254,62.28679722046747,34.36190476190476
476,172,40.58786741713571,59.41213258286429,32.990476190476194
471,140,49.67006598680264,50.32993401319737,31.923809523809528
483,152,50.468457214241106,49.5315427857589,33.67619047619048
472,168,54.84268969771746,45.157310302282546,32.15238095238095
481,152,51.146496815286625,48.853503184713375,34.85714285714286
484,140,54.6583850931677,45.3416149068323,34.095238095238095
480,164,47.49687108886108,52.503128911138916,33.02857142857143
486,164,46.41744548286604,53.58255451713395,32.761904761904766
478,148,53.37579617834395,46.62420382165605,34.85714285714286
474,172,43.50607805502239,56.49392194497761,34.36190476190476
477,136,50.40098704503393,49.59901295496607,33.67619047619048
489,140,46.45522388059701,53.54477611940298,34.17142857142857
487,152,51.19266055045871,48.80733944954129,32.38095238095238
490,148,55.090568394753284,44.909431605246716,33.67619047619048
482,156,54.55696202531646,45.44303797468354,34.476190476190474
491,152,51.24223602484472,48.75776397515528,33.33333333333333
493,124,49.2298213185459,50.77017868145409,33.6
485,180,50.33971587399629,49.66028412600371,32.22857142857143
496,140,44.41141498216409,55.58858501783591,31.352380952380955
497,148,47.66807995154452,52.33192004845548,31.771428571428572
488,156,41.13159567705022,58.86840432294977,34.74285714285714
498,132,50.609756097560975,49.390243902439025,32.95238095238095
499,136,40.93423478795329,59.06576521204671,33.44761904761905
492,164,50.71384233395406,49.28615766604593,32.53333333333333
503,172,44.57680250783699,55.42319749216301,33.14285714285714
501,164,55.27950310559007,44.72049689440994,32.57142857142858
494,168,54.6583850931677,45.3416149068323,32.57142857142858
502,164,49.209245742092456,50.790754257907544,31.276190476190475
495,164,43.47014925373134,56.529850746268664,32.647619047619045
504,136,49.274486094316806,50.725513905683194,32.41904761904762
505,156,55.64005069708492,44.35994930291508,34.55238095238095
507,140,45.81005586592179,54.18994413407822,34.05714285714286
508,152,50.191326530612244,49.808673469387756,34.93333333333333
500,152,51.98265179677819,48.01734820322181,33.180952380952384
513,124,45.15366430260047,54.84633569739953,30.97142857142857
512,148,51.35989879822896,48.64010120177103,34.43809523809524
518,136,46.98570540708515,53.01429459291486,34.13333333333333
510,156,50.690087829360095,49.309912170639905,33.94285714285714
519,148,47.995064774830354,52.004935225169646,32.91428571428571
506,168,55.448098001289495,44.551901998710505,34.81904761904762
511,152,52.083333333333336,47.91666666666667,34.32380952380952
520,148,48.07327858496526,51.92672141503475,34.36190476190476
515,164,50.47679593134139,49.523204068658615,33.98095238095238
516,132,42.6049908703591,57.395009129640904,32.838095238095235
509,184,47.20301697045883,52.79698302954117,32.53333333333333
517,152,45.23364485981308,54.76635514018692,33.523809523809526
525,144,47.17818642993025,52.82181357006975,34.59047619047619
523,136,52.32558139534884,47.674418604651166,33.180952380952384
514,152,48.84878655880523,51.15121344119478,33.44761904761905
522,168,45.482483097725876,54.517516902274124,31.923809523809528
521,152,52.99625468164793,47.00374531835206,33.63809523809524
524,148,57.961783439490446,42.038216560509554,34.85714285714286
529,148,49.23954372623574,50.760456273764255,34.55238095238095
526,156,54.476670870113495,45.523329129886505,34.24761904761905
533,144,44.97789008212255,55.02210991787745,34.36190476190476
531,148,43.58322744599746,56.416772554002534,34.7047619047619
534,140,49.27899686520376,50.72100313479624,34.66666666666667
537,140,52.58620689655172,47.41379310344828,33.561904761904756
527,136,45.40880503144654,54.59119496855346,34.85714285714286
536,152,52.465003043213635,47.534996956786365,32.076190476190476
528,140,52.615754660252556,47.384245339747444,32.076190476190476
530,140,52.08711433756806,47.91288566243194,32.457142857142856
535,172,54.06091370558376,45.93908629441624,33.86666666666667
532,152,58.01139962001267,41.98860037998733,34.51428571428571
543,132,42.98300818124607,57.01699181875394,34.8952380952381
542,164,53.80368098159509,46.19631901840491,31.80952380952381
538,132,48.78957169459962,51.21042830540037,34.05714285714286
544,140,47.31977818853974,52.68022181146026,33.6
546,140,41.2275263484191,58.7724736515809,33.98095238095238
539,136,52.730696798493405,47.26930320150659,34.74285714285714
545,152,50.635324015247775,49.36467598475222,34.7047619047619
547,148,51.099937146448774,48.900062853551226,34.05714285714286
549,124,52.78647463994991,47.2135253600501,34.59047619047619
540,140,47.56323257248612,52.43676742751388,33.67619047619048
552,152,50.374064837905244,49.62593516209476,33.561904761904756
541,156,56.09444798978941,43.90555201021059,34.97142857142857
554,152,50.605481198215415,49.39451880178458,34.8952380952381
558,124,44.3331246086412,55.66687539135879,34.59047619047619
551,152,49.382716049382715,50.617283950617285,32.95238095238095
557,164,54.700854700854705,45.2991452991453,31.504761904761903
555,168,51.53605015673981,48.46394984326019,33.14285714285714
561,132,48.12575574365175,51.87424425634825,32.41904761904762
548,148,45.95959595959596,54.04040404040404,34.32380952380952
553,140,48.363187152563306,51.63681284743669,33.75238095238095
550,136,51.87265917602997,48.12734082397004,34.4
556,136,52.908756889161054,47.091243110838946,33.21904761904762
560,148,53.286978508217445,46.713021491782555,34.4
562,164,56.027482823235474,43.97251717676452,32.91428571428571
559,152,53.022974607013296,46.9770253929867,31.657142857142855
570,136,51.378896882494004,48.621103117505996,31.885714285714283
568,168,45.501285347043705,54.498714652956295,34.62857142857143
569,164,56.86274509803921,43.13725490196079,33.67619047619048
563,140,50.625,49.375,34.476190476190474
573,152,50.50955414012739,49.49044585987261,34.85714285714286
572,152,53.889585947302386,46.11041405269762,33.94285714285714
564,156,56.65615141955836,43.34384858044164,34.285714285714285
566,140,44.234404536862,55.765595463138,34.97142857142857
567,152,54.915466499686914,45.084533500313086,33.82857142857143
579,132,50.7380073800738,49.2619926199262,33.48571428571429
565,164,48.07692307692308,51.92307692307693,32.49523809523809
571,156,44.08265497808391,55.917345021916084,33.82857142857143
574,156,46.48148148148148,53.51851851851852,32.95238095238095
581,148,45.625,54.37499999999999,33.714285714285715
580,148,53.90920554854981,46.09079445145019,34.24761904761905
583,144,55.51330798479087,44.48669201520912,34.55238095238095
575,136,50.31367628607277,49.68632371392723,34.7047619047619
584,124,50.52179251074279,49.478207489257215,33.371428571428574
577,172,45.77240940877304,54.22759059122696,33.98095238095238
576,168,50.806972240154934,49.19302775984506,34.8952380952381
578,152,51.35135135135135,48.64864864864865,32.647619047619045
587,152,52.07808564231738,47.921914357682624,34.17142857142857
582,148,49.30345245305875,50.696547546941254,31.771428571428572
588,172,48.315321042593766,51.68467895740623,33.98095238095238
585,144,49.93638676844784,50.06361323155216,34.78095238095238
593,136,47.897049591964844,52.102950408035156,34.74285714285714
589,132,48.75296912114015,51.24703087885985,31.276190476190475
594,152,44.22604422604422,55.77395577395578,32.647619047619045
596,148,48.01010739102969,51.98989260897031,34.36190476190476
586,156,47.29219143576826,52.70780856423174,34.17142857142857
595,164,48.57685009487666,51.423149905123346,33.67619047619048
591,140,46.3680387409201,53.63196125907991,32.49523809523809
592,164,51.98533903481979,48.014660965180205,31.542857142857144
599,136,50.093808630394,49.906191369606,34.51428571428571
590,156,46.07231920199501,53.927680798004985,33.561904761904756
602,152,49.778059606848444,50.221940393151556,34.59047619047619
603,148,54.252017380509,45.747982619491,33.2952380952381
597,156,55.04070131496556,44.95929868503444,33.82857142857143
600,172,40.69767441860465,59.30232558139535,34.93333333333333
598,164,49.039692701664535,50.96030729833547,34.4
604,164,53.880692751763945,46.11930724823605,34.51428571428571
606,156,41.201716738197426,58.798283261802574,32.53333333333333
607,148,49.241044323011536,50.75895567698846,31.923809523809528
601,148,41.56958920907419,58.43041079092581,32.53333333333333
605,152,45.96117720726362,54.03882279273638,33.82857142857143
615,136,46.35514018691589,53.64485981308411,34.285714285714285
612,156,47.3186119873817,52.6813880126183,34.285714285714285
614,168,54.016445287792536,45.983554712207464,33.67619047619048
617,164,52.90164935858277,47.09835064141723,31.542857142857144
608,164,52.9073482428115,47.0926517571885,34.285714285714285
609,156,50.57179161372299,49.428208386277,34.7047619047619
611,152,52.80050346129641,47.19949653870359,34.13333333333333
613,148,51.955307262569825,48.04469273743017,33.2952380952381
610,156,47.721674876847295,52.27832512315271,32.800000000000004
621,156,47.21878862793572,52.78121137206428,33.02857142857143
620,164,51.69112954690491,48.30887045309509,34.20952380952381
625,124,50.31328320802005,49.686716791979954,34.62857142857143
619,136,45.39393939393939,54.6060606060606,32.57142857142858
616,164,48.10776138550353,51.89223861449648,34.51428571428571
618,156,42.71604938271605,57.28395061728395,32.95238095238095
622,140,48.37702871410737,51.62297128589264,34.4
626,136,59.105229993698806,40.894770006301194,34.97142857142857
628,168,47.63705103969754,52.36294896030246,33.44761904761905
627,164,52.819548872180455,47.18045112781955,33.1047619047619
631,172,55.1594746716698,44.8405253283302,32.990476190476194
624,164,54.214559386973185,45.785440613026815,34.24761904761905
623,152,51.671924290220815,48.32807570977918,34.285714285714285
632,148,46.724890829694324,53.275109170305676,33.6
636,140,39.168765743073045,60.83123425692695,34.93333333333333
635,140,46.40243902439025,53.59756097560976,32.95238095238095
637,152,48.07813484562067,51.92186515437933,34.20952380952381
633,156,54.7361729179911,45.2638270820089,34.74285714285714
629,164,58.13382443216697,41.866175567833025,31.847619047619048
630,156,48.984771573604064,51.01522842639594,34.62857142857143
639,152,58.91330891330892,41.08669108669108,32.266666666666666
640,168,50.27898326100434,49.72101673899566,32.457142857142856
634,168,49.36224489795919,50.63775510204081,34.17142857142857
643,148,49.05897114178168,50.94102885821832,33.94285714285714
642,156,57.85175879396986,42.14824120603015,34.01904761904762
638,152,53.316326530612244,46.683673469387756,34.93333333333333
648,120,47.069597069597066,52.930402930402934,33.79047619047619
644,152,48.63387978142077,51.36612021857923,31.923809523809528
647,132,55.03875968992248,44.96124031007752,31.542857142857144
646,136,44.84276729559748,55.15723270440252,34.85714285714286
645,148,52.91508238276299,47.08491761723701,34.55238095238095
641,152,47.17818642993025,52.82181357006975,34.59047619047619
649,148,54.52853598014889,45.47146401985111,33.25714285714286
652,144,50.98039215686274,49.01960784313725,34.43809523809524
656,140,51.9680196801968,48.031980319803196,33.48571428571429
650,140,46.988707653701375,53.011292346298625,34.7047619047619
657,132,48.225214198286416,51.774785801713584,33.180952380952384
651,164,49.55470737913486,50.445292620865146,34.01904761904762
659,140,53.07017543859649,46.92982456140351,34.62857142857143
653,140,53.040752351097176,46.95924764890282,34.66666666666667
660,164,52.80970625798213,47.19029374201788,34.24761904761905
662,156,51.44472361809045,48.55527638190954,34.01904761904762
664,136,52.25726654298083,47.74273345701917,33.82857142857143
655,164,50.47679593134139,49.523204068658615,33.98095238095238
658,140,50.99009900990099,49.00990099009901,33.86666666666667
668,132,55.1789077212806,44.8210922787194,34.74285714285714
661,132,52.66055045871559,47.33944954128441,33.14285714285714
654,164,55.54140127388535,44.45859872611465,34.095238095238095
670,136,49.2014742014742,50.798525798525795,33.40952380952381
666,164,52.70967741935484,47.29032258064516,34.85714285714286
665,164,51.42326732673267,48.57673267326732,32.34285714285715
663,164,38.66498740554156,61.33501259445844,33.40952380952381
669,136,50.720100187852225,49.279899812147775,34.59047619047619
671,156,42.66581632653062,57.33418367346938,34.93333333333333
672,164,55.18351577591758,44.81648422408242,34.74285714285714
667,172,55.85472761427677,44.14527238572323,33.06666666666666
675,152,49.6987951807229,50.30120481927711,31.428571428571427
681,124,50.470219435736674,49.52978056426332,34.66666666666667
678,148,47.28633811603244,52.71366188396757,33.6
673,152,54.889589905362776,45.110410094637224,34.285714285714285
677,180,50.733496332518335,49.266503667481665,31.580952380952382
685,136,52.029073288915804,47.970926711084196,32.53333333333333
682,148,43.77763739734681,56.222362602653185,34.36190476190476
674,148,48.66242038216561,51.33757961783439,34.85714285714286
676,164,46.93877551020408,53.06122448979592,34.17142857142857
679,132,46.303030303030305,53.696969696969695,32.57142857142858
688,132,53.036944270507206,46.963055729492794,34.59047619047619
683,168,47.5853187379266,52.4146812620734,34.74285714285714
680,152,49.171270718232044,50.82872928176796,32.60952380952381
684,148,52.27414330218069,47.72585669781931,33.523809523809526
692,140,45.67901234567901,54.32098765432099,33.714285714285715
686,148,56.98041692987997,43.01958307012003,34.36190476190476
693,140,44.98141263940521,55.01858736059479,33.94285714285714
690,164,50.89392133492253,49.106078665077476,29.98095238095238
697,140,47.584097859327215,52.415902140672785,33.14285714285714
691,140,49.876543209876544,50.123456790123456,33.714285714285715
689,164,48.303516347933375,51.696483652066625,32.15238095238095
687,168,55.9823677581864,44.0176322418136,33.40952380952381
699,156,52.651048088779284,47.348951911220716,32.87619047619047
696,152,54.05742821473159,45.94257178526841,33.63809523809524
703,124,54.40911817636472,45.59088182363527,31.923809523809528
698,172,59.25925925925925,40.74074074074074,34.24761904761905
694,140,54.94710640945863,45.05289359054138,34.20952380952381
700,140,48.96969696969697,51.030303030303024,32.57142857142858
701,140,51.25382262996941,48.74617737003058,33.14285714285714
695,164,49.26517571884984,50.73482428115016,34.285714285714285
702,140,47.04819277108434,52.95180722891566,32.19047619047619
705,144,56.496815286624205,43.503184713375795,34.85714285714286
711,136,50.0,50.0,34.85714285714286
706,156,48.138801261829656,51.861198738170344,34.285714285714285
704,148,46.64155681104833,53.35844318895167,33.98095238095238
708,156,50.60471037555697,49.39528962444303,34.81904761904762
713,132,55.22658610271903,44.77341389728097,32.38095238095238
709,172,46.484131922837584,53.51586807716241,32.68571428571428
712,140,44.03215831787261,55.96784168212739,33.82857142857143
715,164,49.32562620423892,50.67437379576107,34.59047619047619
716,140,47.64267990074442,52.357320099255574,34.01904761904762
710,148,50.71830106183636,49.28169893816365,33.67619047619048
707,168,53.0264817150063,46.973518284993695,33.48571428571429
725,132,52.24892174984597,47.75107825015403,33.6
719,136,55.84740462789243,44.15259537210757,34.51428571428571
727,136,52.47029393370857,47.52970606629143,34.51428571428571
717,140,46.230529595015575,53.76947040498442,34.285714285714285
726,124,46.771159874608145,53.228840125391855,34.66666666666667
724,144,53.535353535353536,46.464646464646464,34.32380952380952
722,172,42.71164863144494,57.288351368555055,34.05714285714286
718,152,46.60012476606363,53.39987523393637,33.6
714,180,48.99749373433584,51.00250626566416,33.1047619047619
720,148,53.620474406991256,46.379525593008744,33.63809523809524
729,152,45.77020202020202,54.22979797979798,34.32380952380952
728,156,52.8290282902829,47.170971709717094,32.72380952380952
721,168,48.42240824211204,51.577591757887966,34.74285714285714
733,140,49.34984520123839,50.65015479876161,33.904761904761905
731,140,54.89614243323442,45.103857566765576,31.238095238095237
735,148,43.157224697644814,56.842775302355186,34.81904761904762
730,148,47.80701754385965,52.19298245614035,33.86666666666667
723,168,45.43714103382259,54.56285896617741,34.20952380952381
741,136,55.83693638048178,44.16306361951822,33.75238095238095
734,152,53.05486284289277,46.94513715710723,33.561904761904756
738,148,47.74390243902439,52.25609756097561,32.19047619047619
732,148,53.31648768161719,46.68351231838282,34.36190476190476
737,148,43.63525091799266,56.36474908200735,32.41904761904762
743,164,46.85784014643075,53.14215985356925,31.466666666666665
742,172,48.78826530612245,51.21173469387755,34.17142857142857
739,168,56.797966963151204,43.20203303684879,33.94285714285714
736,184,61.304909560723516,38.695090439276484,34.17142857142857
740,164,52.29885057471264,47.701149425287355,34.24761904761905
747,164,41.30982367758186,58.69017632241813,33.40952380952381
748,156,50.42067307692307,49.57932692307692,31.276190476190475
749,152,56.26949469744229,43.7305053025577,33.6
745,156,47.779862414008754,52.220137585991246,33.75238095238095
750,148,42.3469387755102,57.6530612244898,34.93333333333333
746,124,54.384896467722285,45.615103532277715,32.87619047619047
744,148,47.67367750159337,52.32632249840663,34.8952380952381
754,152,48.1668773704172,51.8331226295828,34.4
756,136,48.96551724137931,51.03448275862069,34.66666666666667
758,140,41.53074027603513,58.469259723964875,34.7047619047619
753,156,55.78616352201258,44.21383647798742,34.095238095238095
751,148,45.31346989447548,54.686530105524525,33.2952380952381
757,172,61.65137614678899,38.34862385321101,31.61904761904762
752,136,49.50248756218906,50.49751243781094,34.17142857142857
759,136,51.91489361702127,48.08510638297872,32.761904761904766
755,140,53.13653136531366,46.86346863468634,33.48571428571429
760,164,49.229781771501926,50.770218228498074,34.55238095238095
762,136,53.55157504632489,46.44842495367511,33.75238095238095
768,152,54.74544311753614,45.25455688246386,34.05714285714286
765,200,48.53503184713376,51.46496815286624,33.33333333333333
767,164,50.87829360100377,49.12170639899623,33.180952380952384
764,148,55.1594746716698,44.8405253283302,33.75238095238095
766,136,50.472255017709564,49.527744982290436,30.8952380952381
763,144,51.43220878421387,48.56779121578612,34.81904761904762
770,140,35.87553386211104,64.12446613788896,32.990476190476194
773,136,45.342381246144356,54.657618753855644,33.67619047619048
774,140,48.61612515042118,51.383874849578824,32.114285714285714
776,140,51.79677819083024,48.20322180916977,33.94285714285714
777,140,49.2619926199262,50.7380073800738,33.48571428571429
771,140,59.0937306021105,40.90626939788951,34.05714285714286
769,148,48.698412698412696,51.301587301587304,34.66666666666667
772,136,44.168734491315135,55.831265508684865,34.01904761904762
761,172,48.745980707395496,51.254019292604504,34.66666666666667
778,148,46.597179644389946,53.40282035561006,32.53333333333333
781,180,51.02827763496144,48.97172236503856,34.62857142857143
782,172,55.430711610486895,44.569288389513105,32.87619047619047
775,140,51.1287370347773,48.8712629652227,32.990476190476194
786,148,45.51122194513716,54.48877805486284,33.561904761904756
784,148,50.219160926737636,49.78083907326237,33.82857142857143
779,144,42.20532319391635,57.79467680608364,34.55238095238095
787,120,45.482483097725876,54.517516902274124,34.20952380952381
785,164,44.073139974779316,55.926860025220684,33.48571428571429
790,132,44.180225281602006,55.819774718397994,34.55238095238095
788,148,50.31367628607277,49.68632371392723,33.94285714285714
780,152,49.08869987849332,50.911300121506684,31.961904761904762
783,140,54.630788485607006,45.369211514392994,34.55238095238095
794,148,55.86380832282472,44.13619167717528,34.24761904761905
795,152,49.120603015075375,50.87939698492462,34.01904761904762
793,164,44.36881188118812,55.63118811881188,32.34285714285715
791,124,57.364822871348665,42.635177128651335,34.13333333333333
789,164,44.880875724404376,55.119124275595624,34.74285714285714
796,140,57.40514075887393,42.59485924112607,33.180952380952384
797,152,46.79527069072806,53.20472930927194,33.44761904761905
800,140,53.69211514392991,46.30788485607009,34.55238095238095
802,148,53.94819962097284,46.05180037902716,34.36190476190476
792,168,43.62837413684871,56.37162586315129,33.21904761904762
806,136,51.73913043478261,48.26086956521739,34.095238095238095
801,156,42.79475982532751,57.20524017467249,33.6
799,136,45.01567398119122,54.98432601880878,34.66666666666667
807,164,52.44279529993816,47.557204700061845,32.304761904761904
798,164,39.30497303774715,60.695026962252854,30.323809523809526
808,136,51.52786099460756,48.47213900539245,31.847619047619048
805,148,64.4430459408433,35.5569540591567,34.13333333333333
812,132,51.760345892526246,48.239654107473754,33.75238095238095
803,164,54.54545454545454,45.45454545454545,33.14285714285714
814,136,51.24317768344451,48.756822316555485,32.60952380952381
804,156,60.30534351145038,39.69465648854962,34.78095238095238
813,148,53.05367057371993,46.94632942628007,32.91428571428571
809,168,53.93548387096774,46.064516129032256,34.85714285714286
811,156,48.15950920245399,51.84049079754601,32.57142857142858
818,164,52.49360613810742,47.50639386189258,34.32380952380952
810,148,52.042079207920786,47.95792079207921,33.1047619047619
815,164,51.670792079207914,48.32920792079208,32.34285714285715
823,132,38.45201238390093,61.54798761609908,33.904761904761905
819,156,56.60847880299252,43.391521197007485,33.561904761904756
824,168,53.66323907455013,46.33676092544987,34.62857142857143
825,156,50.09548058561426,49.90451941438574,34.81904761904762
826,156,46.03658536585366,53.963414634146346,32.19047619047619
817,156,51.847290640394085,48.15270935960591,32.800000000000004
828,140,54.700854700854705,45.2991452991453,33.02857142857143
821,156,46.37404580152672,53.62595419847328,34.78095238095238
822,152,56.5896314803248,43.4103685196752,33.67619047619048
820,180,53.25596389426177,46.74403610573823,34.81904761904762
829,168,57.239263803680984,42.760736196319016,31.80952380952381
833,132,45.50561797752809,54.49438202247191,34.4
816,172,50.24420024420024,49.75579975579976,31.504761904761903
837,132,53.7888198757764,46.2111801242236,34.095238095238095
827,164,51.010101010101,48.98989898989899,33.561904761904756
836,140,54.037267080745345,45.962732919254655,34.095238095238095
830,148,56.39240506329114,43.60759493670886,34.476190476190474
835,152,51.64556962025316,48.35443037974684,34.476190476190474
831,156,52.5062656641604,47.4937343358396,33.86666666666667
841,148,50.83179297597042,49.16820702402958,32.838095238095235
834,148,55.47217010631644,44.52782989368355,33.75238095238095
832,164,55.17684887459807,44.82315112540193,34.66666666666667
842,148,47.95725958516656,52.04274041483343,34.05714285714286
838,148,50.61050061050061,49.38949938949939,32.266666666666666
839,140,54.12275263484191,45.87724736515809,33.98095238095238
843,172,45.22613065326633,54.773869346733676,33.25714285714286
846,148,44.00502197112367,55.99497802887633,33.98095238095238
848,136,54.93300852618758,45.06699147381242,32.87619047619047
850,156,55.95311536088834,44.04688463911166,32.91428571428571
853,132,49.877750611246945,50.12224938875306,33.1047619047619
840,152,54.02087170042971,45.979128299570284,32.60952380952381
851,172,52.79742765273312,47.20257234726688,34.66666666666667
854,144,50.06337135614702,49.93662864385298,34.55238095238095
844,168,48.164556962025316,51.835443037974684,33.714285714285715
845,140,50.64695009242144,49.35304990757856,33.6
852,184,50.82974800245851,49.170251997541484,31.16190476190476
847,136,49.56030150753769,50.43969849246231,34.78095238095238
855,136,45.962732919254655,54.037267080745345,34.095238095238095
849,152,47.91537025513379,52.084629744866206,33.44761904761905
857,144,51.27064803049556,48.72935196950445,34.7047619047619
858,164,49.87389659520807,50.126103404791934,33.48571428571429
860,136,49.18341708542713,50.81658291457286,34.78095238095238
859,164,40.76354679802955,59.23645320197044,32.03809523809524
861,164,42.87515762925599,57.12484237074401,33.48571428571429
865,140,45.96083231334149,54.03916768665851,33.180952380952384
864,148,54.16405760801503,45.83594239198497,33.82857142857143
856,148,44.37380801017164,55.62619198982836,34.74285714285714
862,152,52.9746835443038,47.025316455696206,34.476190476190474
868,156,52.85983658076682,47.14016341923319,34.05714285714286
866,168,45.426260112009956,54.573739887990044,32.68571428571428
863,144,55.831739961759084,44.168260038240916,34.8952380952381
872,124,49.34903905765654,50.65096094234346,33.98095238095238
870,136,51.77570093457944,48.22429906542056,34.285714285714285
867,152,57.14285714285714,42.857142857142854,32.0
875,136,48.61538461538461,51.38461538461539,33.523809523809526
874,148,49.84709480122324,50.15290519877675,32.38095238095238
880,136,46.0984393757503,53.9015606242497,31.961904761904762
876,156,54.740834386852086,45.259165613147914,34.4
881,148,54.224464060529634,45.775535939470366,34.24761904761905
882,164,47.69514443761524,52.30485556238476,31.923809523809528
878,156,49.518652226233456,50.48134777376655,31.352380952380955
883,156,46.8869123252859,53.1130876747141,34.7047619047619
871,140,48.96341463414634,51.03658536585366,32.95238095238095
885,140,51.132075471698116,48.867924528301884,34.85714285714286
879,148,46.06099110546379,53.93900889453621,34.7047619047619
886,168,51.40931372549019,48.59068627450981,31.733333333333334
869,164,46.344485749690215,53.655514250309785,32.41904761904762
888,136,48.35096453018046,51.64903546981954,34.20952380952381
877,156,60.4257983719474,39.5742016280526,33.82857142857143
887,180,52.26837060702876,47.73162939297125,34.285714285714285
889,144,54.487587523870154,45.51241247612985,34.81904761904762
873,152,58.83100381194409,41.16899618805591,34.7047619047619
890,148,57.07006369426752,42.92993630573248,34.85714285714286
893,156,45.96825396825397,54.03174603174603,34.66666666666667
884,132,47.05152079453755,52.94847920546245,34.05714285714286
894,156,49.744897959183675,50.255102040816325,34.93333333333333
895,152,49.52501583280557,50.47498416719443,34.51428571428571
897,152,59.31122448979592,40.68877551020408,34.93333333333333
892,140,46.39556377079482,53.60443622920518,33.6
896,140,50.782190132370644,49.21780986762936,32.114285714285714
900,140,48.71955028107433,51.28044971892567,34.43809523809524
905,132,52.6774595267746,47.3225404732254,34.24761904761905
902,140,50.588235294117645,49.411764705882355,33.904761904761905
903,136,45.38653366583541,54.613466334164585,34.32380952380952
898,140,48.68501529051988,51.31498470948013,33.14285714285714
891,152,50.06180469715699,49.93819530284301,33.02857142857143
906,156,53.48550277606415,46.51449722393584,32.91428571428571
899,148,46.800501882057716,53.19949811794228,33.94285714285714
909,152,52.6774595267746,47.3225404732254,33.48571428571429
907,156,56.40394088669951,43.5960591133005,32.800000000000004
908,148,42.038216560509554,57.961783439490446,34.85714285714286
904,164,49.70202622169249,50.297973778307515,29.98095238095238
911,156,43.72716199756395,56.27283800243605,32.114285714285714
901,164,53.78835316217908,46.211646837820915,33.06666666666666
915,148,42.68524382520582,57.31475617479417,34.51428571428571
912,168,47.3423980222497,52.65760197775031,32.266666666666666
914,168,56.135934550031465,43.86406544996853,33.371428571428574
920,144,47.652284263959395,52.34771573604061,34.62857142857143
917,164,50.79164027865738,49.20835972134262,33.75238095238095
918,164,48.618090452261306,51.381909547738694,33.25714285714286
910,164,59.05912269548633,40.94087730451367,33.98095238095238
922,148,45.535714285714285,54.46428571428571,34.93333333333333
925,140,48.946716232961585,51.053283767038415,33.94285714285714
924,148,59.02348578491965,40.97651421508034,33.02857142857143
926,168,50.712957222566644,49.287042777433356,32.457142857142856
913,156,58.32282471626734,41.67717528373266,34.24761904761905
916,152,47.06246134817563,52.93753865182437,33.06666666666666
921,124,53.20872274143302,46.79127725856698,34.285714285714285
919,152,51.37500000000001,48.625,33.714285714285715
927,148,55.14660012476607,44.85339987523393,33.6
923,132,40.80246913580247,59.19753086419753,33.714285714285715
933,140,45.8072590738423,54.192740926157704,34.55238095238095
931,152,40.926157697121404,59.073842302878596,33.79047619047619
936,136,53.83165829145729,46.16834170854271,34.78095238095238
929,148,60.52141527001862,39.47858472998138,33.2952380952381
932,152,56.72773215413771,43.27226784586229,34.36190476190476
935,156,52.64452644526445,47.35547355473555,32.72380952380952
928,152,65.11479591836735,34.88520408163265,34.93333333333333
930,184,57.6171875,42.3828125,34.62857142857143
939,152,50.81555834378921,49.184441656210794,33.94285714285714
934,140,55.50000000000001,44.5,34.476190476190474
937,180,43.00189993666878,56.99810006333122,33.75238095238095
941,152,49.59349593495935,50.40650406504065,33.75238095238095
942,156,58.72020075282308,41.27979924717691,33.94285714285714
945,132,55.73667711598746,44.26332288401254,34.66666666666667
946,124,51.6012084592145,48.398791540785496,32.38095238095238
938,144,49.810844892812106,50.1891551071879,34.24761904761905
940,152,50.21888680425266,49.78111319574734,33.75238095238095
947,136,46.15869017632242,53.841309823677584,34.93333333333333
952,144,43.7937619350732,56.206238064926794,34.81904761904762
951,148,49.600491702519975,50.399508297480025,32.68571428571428
949,152,47.14375392341494,52.85624607658506,33.98095238095238
948,124,58.3645443196005,41.6354556803995,34.4
953,144,43.217665615141954,56.782334384858046,34.285714285714285
954,148,50.6815365551425,49.3184634448575,33.180952380952384
955,164,49.87244897959184,50.12755102040817,34.17142857142857
956,164,52.736638763683196,47.26336123631681,34.74285714285714
944,152,48.44641724793913,51.553582752060876,34.59047619047619
943,172,52.67034990791897,47.32965009208103,31.847619047619048
957,156,55.96784168212739,44.03215831787261,33.06666666666666
958,136,51.2584407612032,48.7415592387968,33.371428571428574
960,156,51.651090342679126,48.348909657320874,33.523809523809526
950,164,54.51030927835051,45.48969072164948,34.78095238095238
964,136,47.43589743589743,52.56410256410257,33.02857142857143
963,132,55.56253928346951,44.43746071653049,34.81904761904762
965,152,47.77227722772277,52.22772277227723,33.1047619047619
961,164,58.97920604914933,41.02079395085066,33.44761904761905
959,152,47.325361862806794,52.674638137193206,34.13333333333333
966,152,51.81986428130784,48.18013571869216,32.91428571428571
967,152,52.267002518891694,47.73299748110831,34.17142857142857
962,152,48.01223241590214,51.98776758409785,32.38095238095238
974,140,51.66051660516605,48.33948339483395,33.48571428571429
973,132,56.375,43.625,34.476190476190474
972,148,51.651651651651655,48.348348348348345,31.238095238095237
975,140,49.074074074074076,50.92592592592593,33.714285714285715
968,164,59.818731117824775,40.181268882175225,30.857142857142854
969,132,56.5081351689612,43.491864831038804,34.55238095238095
978,152,51.04422604422605,48.95577395577396,32.647619047619045
976,152,51.02803738317757,48.97196261682243,33.523809523809526
980,152,45.379746835443036,54.620253164556964,34.476190476190474
971,152,45.634161886551944,54.36583811344805,34.8952380952381
979,168,49.937185929648244,50.062814070351756,33.25714285714286
970,152,48.08043875685558,51.91956124314442,32.15238095238095
984,136,41.54135338345865,58.45864661654135,34.62857142857143
982,152,45.64526382708201,54.354736172917995,34.74285714285714
977,140,55.62310030395137,44.37689969604863,32.761904761904766
983,140,55.18518518518518,44.81481481481481,33.714285714285715
985,136,42.10850801479655,57.891491985203444,33.63809523809524
981,148,49.265605875153,50.73439412484701,32.41904761904762
986,144,49.07466496490108,50.92533503509892,34.97142857142857
988,148,44.20519316022799,55.79480683977201,34.51428571428571
987,140,46.144355336212215,53.855644663787785,33.67619047619048
990,164,47.753530166880616,52.24646983311938,34.55238095238095
991,136,55.26802218114602,44.73197781885398,33.6
994,152,54.539722572509454,45.46027742749054,34.24761904761905
995,132,53.00681959082455,46.99318040917545,33.98095238095238
992,152,54.775107825015404,45.224892174984596,32.838095238095235
999,140,51.571946795646916,48.428053204353084,32.41904761904762
993,148,50.0,50.0,34.78095238095238
989,168,47.82882315921964,52.17117684078036,33.371428571428574
996,164,48.02547770700637,51.97452229299363,34.095238095238095
1000,136,47.86641929499073,52.13358070500927,33.82857142857143
997,148,52.933673469387756,47.066326530612244,34.93333333333333
998,164,39.847715736040605,60.15228426395939,33.86666666666667
